№	Категория	Производитель	Наименование	Характеристика	Штрих код																																																																																																																					
1	Майонез	"ГК ""НМЖК"""	Майонез провансаль Ряба	25 г	4 600 528 342 703																																																																																																																					
2				140 г	4 600 528 340 198																																																																																																																					
3				233 г	4 600 528 340 204																																																																																																																					
4				400 г	4 600 528 347 528																																																																																																																					
5				410 г	4 600 528 347 821																																																																																																																					
6				744 г	4 600 528 347 661																																																																																																																					
7				837 г	4 600 528 345 629																																																																																																																					
8	Майонез	"ОАО "" НЭФИС-Биопродукт"""	"Майонез Mr.Ricco ""Провансаль"" Organic"	220	4 604 075 032 124																																																																																																																					
9				400	4 604 075 032 148																																																																																																																					
10				450	4 604 075 032 025																																																																																																																					
11				750	4 604 075 032 049																																																																																																																					
12				800	4 604 075 034 067																																																																																																																					
13	Майонез	"ООО ""Компания СКИТ"""	Майонез СКИТ Провансаль	135	4 600 699 505 440																																																																																																																					
14				225	4 601 363 001 329																																																																																																																					
15				400	4 601 363 001 923																																																																																																																					
16				450	4 601 363 001 336																																																																																																																					
17				675	4 601 363 001 572																																																																																																																					
18				900	4 601 363 001 343																																																																																																																					
19	Майонез	"Холдинг ""Солнечные продукты"""	Майонез Новосибирский провансаль	250 мл	4 601 272 003 209																																																																																																																					
20				400 мл 	4 600 851 011 475																																																																																																																					
21				460 мл	4 601 272 003 322																																																																																																																					
22				700 мл	4 600 851 011 482																																																																																																																					
23				750 мл	4 600 851 008 208																																																																																																																					
24				900 мл	4 601 272 001 465																																																																																																																					
25				850 мл	4 600 851 010 423																																																																																																																					
26				стекло 850 мл	4 600 851 010 447																																																																																																																					
27				сттекло 450 мл	4 600 851 010 454																																																																																																																					
28	Майонез	"Холдинг ""Солнечные продукты"""	Майонез Провансаль Букет	230 мл 	4 600 851 008 079																																																																																																																					
29				470 мл	4 600 851 008 086																																																																																																																					
30	Масло подсолнечное рафинированное	"ОАО ""ЭФКО"""	"
Слобода"	0,8 л	4 600 699 504 016																																																																																																																					
31				1 л	4 600 699 501 121																																																																																																																					
32				3 л	4 600 699 502 043																																																																																																																					
33				5 л	4 600 699 502 050																																																																																																																					
34				2,7 л	4 600 699 508 564																																																																																																																					
35				1,8 л	4 600 699 502 494																																																																																																																					
36			Россиянка	1 л	4 603 990 002 649																																																																																																																					
37				1,7 л	4 600 851 010 621																																																																																																																					
38				2 л	4 601 085 100 762																																																																																																																					
39				5 л	4 601 272 003 056																																																																																																																					
40	Соль пищевая	"ООО ""Руссоль"""	 йодированная «Илецкая»	1000 г	4 610 007 350 075																																																																																																																					
41			молотая «Илецкая»	1000 г	4 610 007 350 068																																																																																																																					
42	Масло подсолнечное нерафинированное	Компания Благо	Дары Кубани	0,65л	4 607 014 782 036																																																																																																																					
43	Масло подсолнечное нерафинированное	"ОАО ""ЭФКО"""	Слобода	1 л	4 600 699 505 433																																																																																																																					
44	Икра лососевая зернистая 	Тунайча	Тунайча	120 г	4 603 880 000 021																																																																																																																					
45	Маринованные огурцы	"ООО ""Круз"""	"6 соток ""Домашние"""		4 607 035 893 315																																																																																																																					
46	Яйца столовые	Липецкптица	Самое вкусное		4 607 109 080 160																																																																																																																					
47	Масло сливочное	Рузское молоко	Рузское		4 603 209 001 746																																																																																																																					
48	Масло сливочное	Сыр Стародубский	Lattesco		4 607 024 207 260																																																																																																																					
49	Кетчуп	"ОАО "" НЭФИС-Биопродукт"""	Кетчуп для гриля и шашлыка Pomodoro Speciale Mr.Ricco	пэт-бутылка 340 г	4 604 075 019 071																																																																																																																					
50				пэт-бутылка 570 г	4 604 075 019 255																																																																																																																					
51				дой-пак 350 г	4 604 075 024 495																																																																																																																					
52	Кетчуп	"ОАО ""ЭФКО"""	Кетчуп шашлычный Слобода	200 г	4 600 699 510 956																																																																																																																					
53				350  г	4 600 699 505 853																																																																																																																					
54	Кетчуп	"ОАО "" НЭФИС-Биопродукт"""	Кетчуп томатный Pomodoro Speciale Mr.Ricco	пэт-бутылка 340 г	4 604 075 019 040																																																																																																																					
55				пэт-бутылка 570 г	4 604 075 019 224																																																																																																																					
56				пэт-бутылка 960 г	4 604 075 022 002																																																																																																																					
57				РР банка 2500 г	4 604 075 022 033																																																																																																																					
58				П/Э пакет (сашет) 10 г	4 604 075 031 394																																																																																																																					
59				дой-пак 350 г	4 604 075 024 433																																																																																																																					
60				дой-пак 550 г	4 604 075 024 686																																																																																																																					
61	Кетчуп	"ОАО ""ЭФКО"""	Кетчуп томатный Слобода	350  г	4 600 699 505 853																																																																																																																					
62				200 г	4 600 699 510 956																																																																																																																					
63	Кетчуп	"ООО ""Юнилевер Русь"""	Кетчуп томатный Кальве	350 г	8 712 566 249 824																																																																																																																					
64	Треска мороженная филе	"ООО ""АГАМА ИСТРА"""	AGAMA		4 607 153 856 773																																																																																																																					
65	Треска мороженная филе	"ООО ""АГАМА ИСТРА"""	Бухта изобилия		4 607 153 858 739																																																																																																																					
66	Мука	"ЗАО ""Комбинат хлебопродуктов Старооскольский"""	Французская штучка	2 кг	4 607 024 150 818																																																																																																																					
67				1 кг	4 607 024 150 801																																																																																																																					
68	Макароны. Спагетти	"ООО ""МакПром"""	Шебекинские №2 спагетти тонкие	450 г	4 607 001 850 038																																																																																																																					
69	Газированные напитки. Тархун	"ГК ""Дикси"""	Д	0,5 л	4 640 010 205 345																																																																																																																					
70	Газированные напитки. Тархун	"ООО ""ПК ""Аквалайф"""	Напитки из Черноголовки	2 л	4 602 441 005 116																																																																																																																					
71				1 л	4 602 441 000 081																																																																																																																					
72				0,5 л	4 602 441 011 186																																																																																																																					
73				1,5	4 602 441 014 507																																																																																																																					
74				0,33 л	46 007 759																																																																																																																					
75	Рис круглозерный	"ООО ""МЕТРО Кэш энд Керри"""	 Fine Life		4 607 072 711 603																																																																																																																					
76	Мед	"ООО ""Частные пасеки Берестова"""	Башкирхан липовый		4 607 072 772 314																																																																																																																					
77			"
Алтайцвет майский"		4 607 072 770 907																																																																																																																					
78	шпроты	"ООО ""Роскон"""	Рыбное меню		4 610 000 622 964																																																																																																																					
79	Гречка	"ПАО ""Макопром"""	Шебекинская		"4 606 728 000 078
"																																																																																																																					
80	Шампанское (полусладкое)	"ООО ""МКШВ"""	Золотой стандарт		4 600 346 021 620																																																																																																																					
81			Московское		4 600 346 600 030																																																																																																																					
82			Московское Элитное 		4 600 346 600 054																																																																																																																					
83	Мука	"ЗАО ""Алейскзернопродукт"""	Алейка	1 кг	4 606 273 002 756																																																																																																																					
84				3 кг	4 606 273 003 548																																																																																																																					
85				5 кг	4 606 273 002 428																																																																																																																					
86				5 кг пл	4 606 273 006 587																																																																																																																					
87				10 кг	4 606 273 000 066																																																																																																																					
88				2 кг	4 606 273 000 080																																																																																																																					
89	Шампанское (полусладкое)	"ООО ""Винный стиль"""	Премиум		4 650 065 100 052																																																																																																																					
90	Сгущеное молоко	"ОАО ""Белгородские молочные продукты"""	Волоконовское		4 606 599 002 263																																																																																																																					
91					4 606 599 003 833																																																																																																																					
92	Квас	" ПО ""Ундовский завод минеральной
воды ""Волжанка"""	Волжанка	1,5	4 601 342 001 715																																																																																																																					
93	Шоколад молочный	"ООО ""Кондитерская фабрика ""ПОБЕДА"""	Победа	25 г	4 607 005 405 081																																																																																																																					
94					4 607 005 408 136																																																																																																																					
95	Гречка	"ООО ""Круз"""	Чистая крупа	вар. Пакет	4 607 018 402 558																																																																																																																					
96					4 607 018 409 977																																																																																																																					
97	Шампанское полусладкое	"ООО ""Кубань - вино"""	Шато Тамань		4 607 062 862 896																																																																																																																					
98	Куры (тушки цыплят-бройлеров)	"ООО ""Лиско-бройлер"""	Куриное царство		2 541 718 020 716																																																																																																																					
99	Шоколад молочный	"ООО ""Собрание"""	SOBRANIE		4 670 016 470 652																																																																																																																					
100	Рис круглозерный	"ООО ""Мистраль Трейдинг"""	Мистраль 		4 601 916 000 496																																																																																																																					
101	Гречка	"ООО ""Мистраль Трейдинг"""	Мистраль 		4 601 916 002 698																																																																																																																					
102					4 601 916 006 450																																																																																																																					
103					4 601 916 006 436																																																																																																																					
104					4 601 916 000 502																																																																																																																					
105	Квас	"ЗАО ""Московский пиво-безалкогольный комбинат
 ""Очаково"""	Очаковский		4 359 068 009 293																																																																																																																					
106					4 600 068 000 316																																																																																																																					
107					4 600 068 033 222																																																																																																																					
108					4 600 068 019 554																																																																																																																					
109					4 600 068 027 559																																																																																																																					
110					4 600 068 009 883																																																																																																																					
111					4 600 068 009 043																																																																																																																					
112					4 600 068 000 699																																																																																																																					
113					4 600 068 009 005																																																																																																																					
114	Квас	"ЗАО ""Московский пиво-безалкогольный комбинат
 ""Очаково"""	Семейный секрет		4 600 068 035 387																																																																																																																					
115	Крупа гречневая	"АО ""Алтайская крупа"""	Гудвилл	0,4	4 607 120 230 650																																																																																																																					
116				800	4 607 120 230 933																																																																																																																					
117				1,5	4 607 120 232 555																																																																																																																					
118				3	4 607 120 234 214																																																																																																																					
119				5	4 607 120 234 207																																																																																																																					
120	Горошек консервированный	"ООО ""Круз"""	6 соток		4 607 035 890 024																																																																																																																					
121	Сушки	"АО ""Владимирский хлебокомбинат"""	Малышка простые		4 607 051 702 271																																																																																																																					
122	Горошек консервированный	"ООО ""Консервное предприятие Русское 
поле - Албаши"""	Дядя Ваня		4 607 002 990 184																																																																																																																					
123	Горошек консервированный	"ООО ""Петербургская продовольственная корпорация"""	Heinz		5 900 783 007 430																																																																																																																					
124	Горошек консервированный	"ООО ""Группа Грин Рэй"""	Грин Рэй		4 607 034 020 033																																																																																																																					
125	Крупа гречневая	"ООО фирма ""Торговый дом Ярмарка"""	Ярмарка		4 602 248 000 284																																																																																																																					
126	Крупа гречневая	"АО ""Торговый дом ""ПЕРЕКРЕСТОК"""	Маркет Перекресток		4 607 072 714 109																																																																																																																					
127	Горошек консервированный	"ООО ""Бондюэль-Кубань""
ООО ""Кубанские Консервы"""	Бондюэль		3 083 680 538 404																																																																																																																					
128	Горошек консервированный	"ООО ""Окей"""	Окей		4 607 078 330 723																																																																																																																					
129	Яйца столовые	"ООО ""Лента"""	Лента Омега -3		4 606 068 088 392																																																																																																																					
130	Шоколад молочный	"ЗАО ""КДВ Павловский Посад"""	Яшкино		4 690 329 005 402																																																																																																																					
131	Томаты	"ООО ""Тепличный комплекс Белогорье"""	Зеленая грядка		4 607 816 620 215																																																																																																																					
132	Масло подсолнечное рафинированное	"ООО ""Сельскохозяйственное производственное 
предприятие ""ЮГ """	Кубанское любимое	0,5	4 600 829 011 636																																																																																																																					
133	Масло подсолнечное рафинированное	"ООО ""Сельскохозяйственное производственное 
предприятие ""ЮГ """	Кубанское любимое	1	4 600 829 011 032																																																																																																																					
134	Масло подсолнечное рафинированное	"ООО ""Сельскохозяйственное производственное 
предприятие ""ЮГ """	Кубанское любимое	1,8	4 600 829 011 049																																																																																																																					
135	Масло подсолнечное нерафинированное	"ООО ""Сельскохозяйственное производственное 
предприятие ""ЮГ """	Кубанское любимое	1	4 600 829 011 018																																																																																																																					
136	Шампанское полусладкое	"ООО ""Агроторг"" "	Marleson		4 620 002 050 917																																																																																																																					
137	Квас	"ОАО по производству пива и 
безалкогольных напитков «Вятич»"	Вятский	0,5	4 607 004 631 467																																																																																																																					
138	Квас	"ООО ""Агроторг"" "	Русский квас	1 л	4 601 373 003 306																																																																																																																					
139	Квас	"АО ""Дека"""	Никола	2 л	4 601 373 001 586																																																																																																																					
140	Квас	"ЗАО ""МПК"""	Яхонт	2 л	4 670 001 495 035																																																																																																																					
141	Хлеб нарезной белый	"ОАО"" Вяземский ХК"""	Вязьма		4 607 106 200 134																																																																																																																					
142	Гречка	"ООО ""Метро Кеш энд Керри"""	Fine life		4 607 072 711 757																																																																																																																					
143	Гречка	"ООО ""Центральня крпяная"""	Греча		4 603 931 777 216																																																																																																																					
144	Тархун	"ООО ""Торговый дом ""Аскания"""	Ascania		4 630 001 590 024																																																																																																																					
145	Вода питьевая 	Кавминводы	Новотерская	5 л	4 601 557 000 107																																																																																																																					
146				0,33 л	4 601 557 000 466																																																																																																																					
147				0,5 л стекло	4 601 557 000 183																																																																																																																					
148				0,33 стекло	4 601 557 000 077																																																																																																																					
149				1,5 л	4 601 557 000 411																																																																																																																					
150				0,5 л	4 601 557 000 367																																																																																																																					
151				5 л упаковка	4 601 557 000 343																																																																																																																					
152				0,33 л упаковка	4 601 557 000 473																																																																																																																					
153				0,5 л упаковка	4 601 557 000 411																																																																																																																					
154				0, 5 стекло упаковка	46 015 570 003 981																																																																																																																					
155				0,33 стекло упаковка 	4 601 557 000 121																																																																																																																					
156				1,5 л упаковка	4 601 557 000 404																																																																																																																					
157				0,5 л упаковка	4 601 557 000 411																																																																																																																					
158	Вода питьевая 	Вода жизни АНО СПН	Простое добро	0,55 л	4 610 000 351 185																																																																																																																					
159	Морс клюквенный	Метро	Fine life	1 л	4 601 248 014 024																																																																																																																					
160	Хлеб нарезной белый	"АО ""Владимирский хлебокомбинат"""	Изделие булочное из муки пшеничной хлебопекарной высшего сорта батон пшеничный нарезной в упаковке «Золотой колобок»		4 620 021 160 369																																																																																																																					
161	Горошек консервированный	ООО «Лента»	Лента		4 606 068 151 652																																																																																																																					
162	Хлеб нарезной белый	"Волжский пекарь ЗАО
"	батон нарезной  в упаковке		4 603 793 000 149																																																																																																																					
163	Хлеб нарезной белый	ХЛЕБ ЗАО	батон нарезной  в упаковке		4 607 004 140 464																																																																																																																					
164	Хлеб нарезной белый	Хлебзавод № 22 ЗАО	батон нарезной  в упаковке		4 602 428 000 011																																																																																																																					
165	Хлеб нарезной белый	Хлебзавод № 22 ЗАО	нарезанный																																																																																																																							
166	Хлеб нарезной белый	ЗАО Щелковохлеб	Щелкосвкий		4 601 388 001 212																																																																																																																					
167	Хлеб нарезной белый	Хлебзавод № 22 ЗАО	нарезанная часть изделия в упаковке																																																																																																																							
168	Хлеб нарезной белый	Череповецхлеб																																																																																																																								
169	Хлеб нарезной белый	"АО ""Сочинский хлебокомбинат"""	батон нарезной в упаковке		4 607 152 380 019																																																																																																																					
170	Хлеб нарезной белый	"АО ""Анапский хлебокомбинат"""	батон нарезной в упаковке		4 607 119 700 980																																																																																																																					
171	Хлеб нарезной белый	"ООО ""Эльвира"""	Батоша		4 680 002 630 212																																																																																																																					
172	Морс клюквенный	X5	Global vilage		4,60125E+12																																																																																																																					
173	Морс клюквенный	"ООО ""Лента"""	Лента		4 606 068 145 712																																																																																																																					
174	Сосиски молочные	ООО Дымоское колбасное производство	Дымов		4 680 003 507 360																																																																																																																					
175	"Творог 9%    
"	АгриВолга	Углече поле																																																																																																																							
176	Вода питьевая 	ООО «Акваника» 	AQUANIKA		4 680 000 233 743																																																																																																																					
177	Морс клюквенный	ООО «Акваника» 	Иванов морс		4 680 000 231 404																																																																																																																					
178	Колбаса докторская	ООО «МПЗ Богородский»	Колбаса «Докторская» «Окраина»		4 607 162 200 444																																																																																																																					
179	Колбаса докторская	Томаровский мк	Докторская																																																																																																																							
180	Водка	АО «Пермалко»	«Пермская люкс»		460 057 700 210																																																																																																																					
181	Водка	ООО «Русский Север»	«Русский север» традиционная		4 620 008 990 538																																																																																																																					
182	Водка	ООО «ЛВЗ Саранский»	Водка «Солнечная деревенька»		4 601 823 004 235																																																																																																																					
183	Водка	ООО «Родник и К»	Водка «Хортиця» абсолютная		4 620 008 991 252																																																																																																																					
184	Водка	"ООО ""Русский Север"""	"Водка особая ""Первак домашний пшеничный"""		4 620 008 991 108																																																																																																																					
185	Водка	"ООО ""Русский Север"""	"Водка ""Мороша"""		4 620 008 990 705																																																																																																																					
186	Кефир	"ЗАО ""Томмолоко"""	Томмолоко	Поли-пак 1 кг	4 605 955 000 301																																																																																																																					
187	Кефир	"ЗАО ""Томмолоко"""	Томмолоко	Поли-пак 0,5 кг	4 605 955 000 455																																																																																																																					
188	Кефир	"ЗАО ""Томмолоко"""	Томмолоко	бутылка пэт 930г	4 605 955 001 476																																																																																																																					
189	Кефир	"ООО ""Останкинйский молочный комбинат"""	36 копеек		4 600 657 412 117																																																																																																																					
190	Кефир	"ООО ""Останкинйский молочный комбинат"""	Останскинское 1955		4 600 657 002 035																																																																																																																					
191	Кефир	"АО ""Рузское молоко"""	Рузский		4 603 209 000 435																																																																																																																					
192	Кефир	ОАО «Белгородский молочный комбинат»	Parmalat		4 601 662 002 232																																																																																																																					
193	Творог 9%	"ЗАО ""Томмолоко"""	Томмолоко	фольга 200г	4 605 955 000 868																																																																																																																					
194	Творог 9%	"ЗАО ""Томмолоко"""	Томмолоко	200г полистироловый стакан	4 605 955 001 131																																																																																																																					
195	Творог 9%	АгриВолга	Углече поле		4 630 010 380 937																																																																																																																					
196	Творог 9%	Рязанский агромолкомбинат	Амка		4 602 048 002 006																																																																																																																					
197	Крабовые палочки	РОК №1	Премиум 		4 603 260 010 718																																																																																																																					
198	Крабовые палочки	Вичюняй-русь	VICI Приорити 		4 770 190 037 082																																																																																																																					
199	Сервелат	Ремит	Ремит		2 487 165 010 408																																																																																																																					
200	Сметана 20%	Рязанский агромолкомбинат	Амка		4 602 048 002 006																																																																																																																					
201	Сметана 20%	"АО ""Тульский молочный комбинат"""	Бежин луг		4 601 936 004 252																																																																																																																					
202	Сметана 20%	"АО ""Рузское молоко"""	Рузская сметана		4 603 209 001 647																																																																																																																					
203	Сметана 20%	"ООО ""Галактика"""	Большая Кружка		4 601 075 349 436																																																																																																																					
204	Сметана 20%	"ЗАО ""Томмолоко"""	Томмолоко	Поли-пак 0,5кг	4 605 955 000 868																																																																																																																					
205	Сметана 20%	"ЗАО ""Томмолоко"""	Томмолоко	200г полистироловый стакан	4 605 955 001 131																																																																																																																					
206	Сметана 20%	ООО «Галактика»	Большая кружка		4 601 075 349 436																																																																																																																					
207	Сметана 20%	АО «Белгородский молочный комбинат»	Parmalat		4 601 662 001 495																																																																																																																					
208	Сметана 20%	"ЗАО ""Кореновский молочно-консервный комбинат"""	Коровка из Кореновки		4 602 358 005 551																																																																																																																					
209	Сливочное масло 72,5 %	"ЗАО ""Томмолоко"""	Томмолоко		4 605 955 000 189																																																																																																																					
210	Майонез	Группа компаний «НМЖК»	Майонез «Провансаль» Сдобри		4 605 955 000 189																																																																																																																					
211	Мороженое	"ООО ТД ""Русский холод"""	Настоящий пломбир		4 606 901 007 924																																																																																																																					
212	Мороженое	"ООО ""Вологодское Мороженое"""	Вологодский пломбир		4 607 067 937 681																																																																																																																					
213	Молоко	АО «Белгородский молочный комбинат»	Parmalat		4 601 662 002 218																																																																																																																					
214	Сгущеное молоко	"ЗАО ""Кореновский молочно-консервный комбинат"""	Коровка из Кореновки		4 602 358 000 990																																																																																																																					
215	Горошек консервированный	"ООО ""Кубанские консервы"""	Globus 																																																																																																																							
216	Горошек консервированный	"ООО ""Бондюэдь - Кубань"""	Globus 		5 998 304 240 022																																																																																																																					
217	Молоко отборное питьевое пастеризованное 3,2%	"АО ""Павловский молочный завод"""	ЭГО		4 607 167 840 133																																																																																																																					
218	Консервы рыбные стерилизованные, сайра тихоокеанская натуральная	"ООО ""Дальпромрыба"""	Капитан вкусов		4 607 033 680 610																																																																																																																					
219	чай	"АО ""«Красногорские лекарственные средства» (АО «Красногорсклексредства»)"""	"Ромашки аптечной цветки ""Фармацвет"""		4 601 498 006 824																																																																																																																					
220	Хлеб нарезной белый	ИП Иванов Михаил Викторович	батон Нарезной (Галичский хлебокомбинат)																																																																																																																							
221	пюре	"ООО ""Хипп"""	«Пюре фруктовое, гомогенизированное, стерилизованное, для питания детей раннего возраста (яблоко) «HIPP ORGANIC»		9 062 300 125 013																																																																																																																					
222	пюре	ООО Хипп	пюре овощное цветная капуста детское питание		9 062 300 125 006																																																																																																																					
223	сухие завтраки	ООО «ГИПЕРГЛОБУС» 2020	«Сухие продукты экструзионной технологии (шарики кукурузные шоколадные)		4 602 481 106 330																																																																																																																					
224	сковорода	АО «Кукморский завод Металлопосуды»	Сковорода литая алюминиевая с антипригарным покрытием ТМ «Kukmara» диаметром 240/60 мм АП со съемной ручкой, линия «Традиция», артикул с246а		4 604 334 007 665																																																																																																																					
225	биойогурт	ОАО «Эфирное» (ОАО «ЭФКО») 2020	Биойогурт «Слобода», обогащенный лактобактериями L.casei, с клубникой		4 600 699 507 390																																																																																																																					
226	майонез	ОАО «Эфирное» (ОАО «ЭФКО») 2020	Майонез «Провансаль Слобода» Оливковый с массовой долей жира 67%		4 600 699 502 197																																																																																																																					
227	Горошек консервированный	ООО «Бондюэль-Кубань» (Динской)	Консервы натуральные. Зеленый горошек «Нежный» т.м. «Бондюэль»		3 083 680 538 404																																																																																																																					
228	Кукуруза	ООО «Бондюэль-Кубань» (Динской)	Кукуруза сладкая в зернах в вакуумной упаковке т.м. «Globus»		5 998 304 241 111																																																																																																																					
229	Горошек консервированный	ООО «Кубанские консервы» (Тимашевск)	Консервы натуральные. Зеленый горошек «Нежный» т.м. «Бондюэль»		3 083 680 048 774																																																																																																																					
230	кукуруза	ООО «Кубанские консервы» (Тимашевск)	Кукуруза сладкая в зернах в вакуумной упаковке т.м. «Globus»		5 998 304 241 111																																																																																																																					
231	корм для собак	ООО «Марс»	сухой полнорационный PEDIGREE® для щенков всех пород от 2 месяцев с курицей		4 607 065 002 725																																																																																																																					
232	пюре	ООО «Завод детского питания «Фаустово»	пюре из цветной капусты т.м. «Бабушкино Лукошко»		4 600 728 004 760																																																																																																																					
233	Вода питьевая 	АО «ПРОГРЕСС»	Вода питьевая для детского питания «ФрутоНяня детская вода»		4 600 338 002 781																																																																																																																					
234	мед	ООО «Частные пасеки Берестова» 	Мед натуральный цветочный полифлорный «Берестов А.С.» «Избранное» Алтайцвет «Горный» 		4 607 072 770 914																																																																																																																					
235	Рис круглозерный	ООО «Первая Крупяная Компания»	Крупа рисовая шлифованная высшего сорта т.м. «ПАССИМ»/«PASSIM»		4 605 093 013 201																																																																																																																					
236	стеклоомывающая жидкость	ООО «Текомхим»	Продукт стеклоочиститель зимний Фин типпа – 20°С		4 607 066 982 705																																																																																																																					
237	стеклоомывающая жидкость	АО Обнинскоргсинтез	Стекоомывающая жидкость Лукойл		4 670 027 143 750																																																																																																																					
238																																																																																																																										
239																																																																																																																										
240	Детские трикотажные ползунки	Рославольская трикотажная фабрика «Апрель»	Комбинезон Верный друг																																																																																																																							
241	Детские трикотажные ползунки	Тривел ВФТП	Комбинезон ясельный Тривел		4 690 297 032 202																																																																																																																					
242	Носки. Детские	Борисоглебский трикотаж	Носки детские		4 620 003 891 175																																																																																																																					
243	Одеяла Стеганые	Ол-Текс	"Одеяло ""Бамбук"" всесезонное"		4 670 013 443 055																																																																																																																					
244	Подушки	Торговый дом ДАРГЕЗ	"Подушка высокая ""РИО"""		4 606 888 007 900																																																																																																																					
245	Полотенца хлопчатобумажные махровые	АШАН	Полотенце махровое Каждый день		4 690 363 015 023																																																																																																																					
246	Полотенца хлопчатобумажные махровые	Донецкая Мануфактура М	Полотенце махровое ДМ-Люкс		4 605 865 830 357																																																																																																																					
247	Постельное белье 	Шуйские Ситцы	"комплект постельного белья коллекция Экодом Home Textile 1,5 
спальный торговой марки «Экодом», артикул: с2279шв"		4 607 125 317 776																																																																																																																					
248	Футболки. Мальчики	Инициатива	Футболка Nino Mio		5 733 230 740 129																																																																																																																					
249	Футболки. Мальчики	Лаки Чайлд	Футболка детская Lucky Child		2 000 000 918 174																																																																																																																					
250	Биойогурт с клубникой с массовой долей жира 2,5%	"АО ""Лактис"""	"""Снежок"""		4 600 765 025 483																																																																																																																					
251	Средство для стирки детского белья порошкообразный 	"АО ""Невская косметика"""	"""Ушастый нянь"""		4 600 697 010 120																																																																																																																					
252	Майонез Провансаль	"АО ""Самарский жиркомбинат"""	"тм ""Ряба"""		4600528347821, 4600528347821, 4600528340204, 46005283																																																																																																																					
253	Масло подсолнечное рафинированное дезодорированное вымороженное высший сорт 	"ООО ""Компания Благо"""	Подворье	"0,83 л. Масса нетто: 764 г.
0,9 л. Масса нетто: 828 г.
1,8 л. Масса нетто : 1656 г."	"4607014784320
4607014782449
4607014785143"																																																																																																																					
254	Ромашка напиток чайный в фильтр-пакетах для разовой заварки 	ООО Милфорд	тм Милфорд	фильтр-пакеты 20х15 г. Вес 30 г	4 008 102 003 796																																																																																																																					
255	Минтай филе (кусочки мяса порционное, полуфабрикат замороженный, категория А)	"ООО ""Полар Сифу Раша"""	Полар Сифу Раша		4 670 012 690 344																																																																																																																					
256	Масло подсолнечное нерафинированное первого сорта	"ООО ""Компания Благо"""	Дары Кубани	0,65 л масса нетто:598г	4 607 014 782 036																																																																																																																					
257	"Одеяло стаганное всесезонное коллекция ""Бамбук"""	Ол-Текс	OL-TEX	"ОБТ-11-3
ОБТ-11-3
ОБТ-15-3
ОБТ-15-3
ОБТ-16-3
ОБТ-16-3
ОБТ-18-3
ОБТ-18-3
ОБТ-20-3
ОБТ-20-3
ОБТ-22-3
ОБТ-22-3"	"4607168737531
4670013443048
4607168737548
4670013443055
4607168737555
4607168736244
4607168737562
4670013443062
4630019063633
4630019063626
4607168737579
4670013443079"																																																																																																																					
258	"Ромашки аптечной цветки ""Фармацвет"""	"АО ""Красногорские лекарственные средства"" (АО ""Красногорсклексредства"""	Фармацвет	1,5 г	4 601 498 006 824																																																																																																																					
259	Сматана с массовой долей жира 20% 	"АО ""Лактис"""	Снежок		4 600 765 024 073																																																																																																																					
260	Майонез Оливковый ORGANIK c массовой долей жира 67%	"АО ""НЭФИС-БИОПРОДУКТ"""	тм Mr. Ricco	"дой-пак 220 мл
400 мл
800 мл"	"4604075031943
4604075031967
4604075031981"																																																																																																																					
261	Майонез оливковый с массовой долей жира 67%	"АО ""НЭФИС-БИОПРОДУКТ"""	Миладора	дой-пак 800 мл	4 604 075 030 779																																																																																																																					
262	"Крупа гречневая ядрица быстроразваривающаяся ""Экстра"""	АО Алтайская крупа	тм Гудвилл		4 607 120 232 555																																																																																																																					
263	"Мука пшеничная хлебопекарная высшего сорта ""Экстра"""	"АО ""Мелькомбинат №3"""	Экстра		4 602 991 000 029																																																																																																																					
264	Средство для стирки детского белья	"АО ""Невская Косметика"""	"Средство для стирки детского белья порошкообразное ""Ушастый нянь"""	"350 г
400 г
800 г
2,4 кг
4,5 кг
6 кг
9 кг"	"4600697012886
4600697010113
4600697010120
4600697010137
4600697010144
4600697010151
4600697010168"																																																																																																																					
265	"Кетчуп ""Томатный"" Pomodoro Speciale MR.Ricco высшая категория"	АО Нэфис-Биопродукт	Mr. Ricco	ПЭТ-бутылка 570	4 604 075 019 224																																																																																																																					
266	Кетчуп Для гриля и шашлыка Pomodoro Speciale Mr.Ricco высшая категория	АО Нэфис-Биопродукт	Pomodoro Speciale Mr.Ricco	"ПЭТ-бутылка 570
дой-пак 350"	"4604075019255
4604075024495"																																																																																																																					
267	Майонез Провансаль ORGANIC Mr.Ricco массловая доля жира 67%	АО Нэфис-Биопродукт	ORGANIC Mr.Ricco	ПЭТ-банка 450 мл	4 604 075 032 025																																																																																																																					
268	Майонез Провансаль оливковый 	НМЖК	Ряба 67%	"ДПД 233 г
ДПД 400 г
ДПД 744 г
Ведро 837 г
ДПД 233 г
ДПД 372 г
ДПД 744 г
Ведро 837 г"	"4600528340204
4600528347258
4600528347661
4600528345629
4600528340310
4600528347265
4600528347685
4600528345636"																																																																																																																					
269	Майонез Провансаль оливковый 	НМЖК	Сдобри 67%	"ДПД 372 г
Саше 140 г
Саше 47 г
ДПД 400 г
ДПД 744 г
Ведро 820 г"	"4600528354515
4600528340426
4600528342734
4600528343281
4600528347500
4600528347654
4600528347630"																																																																																																																					
270	Масло подсолнечное рафинированное дезодорированное вмороженное высший сорт	Компания Благо	Каролина	"1) Масло подсолнечное раф дез вымор 0,9 л. Масса нетто 828 г.
2) Масло под раф дез вымор 1,75 л. Масса нето: 1610 г.
3) Масло под раф дез вым 5 л. Масса нетто: 4600 г."	"4607014782906
4607014784603
4607014780582"																																																																																																																					
271	Майонез высококалорийный СКИТ оливковый с массовой долей жира 67%	"ООО ""Компания СКИТ"""	Скит		4 601 363 001 749																																																																																																																					
272	Макаронные изделия высшего сорта Группа А Шебекинские №2 спагетти тонкие	ООО МакПром	Шебекинские	"450 гр
900 гр"	"4607001850038
4606728000078"																																																																																																																					
273	Филе трески без кожи, замороженное блоками, порционированное 	"ООО Рыбные Мануфвктуры ""Мурманск"""	тм Бухта Изобилия		4 607 153 856 773																																																																																																																					
274	Лойн трески (треска, филе-кусок без кожи мороженый)	"ООО Рыбные Мануфвктуры ""Мурманск"""	тм Агама		4 607 153 854 175																																																																																																																					
275	"Диски колесные из алюминия и их части, 619 ""TechLine"" 6,5 PCD 5x112 ET 38 Dia 66.6 S"	ООО Азов-Тэк	 Азов-Тэк		4 627 099 524 819																																																																																																																					
276	"Пюре фруктовое ""Пюре из яблок"" "	ООО Завод детского питания Фаустово	Бабушкино Лукошко	100 г	4 600 728 004 012																																																																																																																					
277	Мука пшеничная хлебопекарная	ЗАО Комбинат хлебопродуктов Старооскольсктй	Французская штучка	"Масса нетто - 2 кг
Масса нетто - 1 кг"	"4607024150818
4607024150801"																																																																																																																					
278	"Биойогурт ""Бифилайф"" фруктово-ягодный клубгика с массовой долей жира 2,5%"	ООО Вакинское Агро	Эковакино		4 627 110 631 281																																																																																																																					
	Химпром																																																																																																																									
	Категория	Название организации	SKU обладатель	Характеристика	Штрих код																																																																																																																					
	Мыло детское	"АО ""Нижегородский масло-жировой комбинат"""	Рецепты чистоты		4 600 528 340 556																																																																																																																					
	Мыло детское	"ОАО ""Невская Косметика"""	" ""Детское"""	90 г	4 600 697 101 514																																																																																																																					
	Мыло детское	"ОАО ""Невская Косметика"""	" ""Детское"""	140 г	4 600 697 101 538																																																																																																																					
	Мыло детское	"ОАО ""Невская Косметика"""	" ""Детское"""	4 по 100 7	4 600 697 101 521																																																																																																																					
	Прокладки	ЗАО «Олтекс С.А	OLA! Classic		4 680 007 630 255																																																																																																																					
	Моющее синтетическое порошкообразное средство	"ЗАО ""Аист"""	  «Аист Колор» 		4 600 905 000 936																																																																																																																					
	Брендов 	200	0	0																																																																																																																						
	СКЮ по штрихкоду	209	0	0																																																																																																																						
	Производитель 	127	0	0																																																																																																																						
																																																																																																																										
																																																																																																																										
																																																																																																																										
